Nome;Concentração;Forma Farmacêutica;Componente;Postos de Distribuição;Status
Carbonato de cálcio + colecalciferol;1.500 mg (600 mg de cálcio) + 400 unidades internacionais;Comprimido;Básico;• FARMÁCIA DISTRITAL ESTAÇÃO DOS VENTOS • FARMÁCIA DISTRITAL FLORIANO ROCHA • FARMÁCIA DISTRITAL KENNEDY • FARMÁCIA DISTRITAL LESTE - UNIDADE DE SAÚDE WILSON PAULO NOAL • FARMÁCIA DISTRITAL OESTE - POLICLÍNICA RUBEN NOAL • FARMÁCIA DISTRITAL SÃO FRANCISCO • FARMÁCIA MUNICIPAL CENTRAL;Disponível
Imipramina;25mg;Comprimido;Básico;• FARMÁCIA DISTRITAL ESTAÇÃO DOS VENTOS • FARMÁCIA DISTRITAL FLORIANO ROCHA • FARMÁCIA DISTRITAL KENNEDY • FARMÁCIA DISTRITAL LESTE - UNIDADE DE SAÚDE WILSON PAULO NOAL • FARMÁCIA DISTRITAL OESTE - POLICLÍNICA RUBEN NOAL • FARMÁCIA DISTRITAL SÃO FRANCISCO • FARMÁCIA MUNICIPAL CENTRAL;Disponível
Norfloxacino;400 mg;Comprimido;Básico;• FARMÁCIA DISTRITAL ESTAÇÃO DOS VENTOS • FARMÁCIA DISTRITAL FLORIANO ROCHA • FARMÁCIA DISTRITAL KENNEDY • FARMÁCIA DISTRITAL LESTE - UNIDADE DE SAÚDE WILSON PAULO NOAL • FARMÁCIA DISTRITAL OESTE - POLICLÍNICA RUBEN NOAL • FARMÁCIA DISTRITAL SÃO FRANCISCO • FARMÁCIA MUNICIPAL CENTRAL;Disponível
Retinol (Vitamina A) + Colecalciferol (Vitamina D);50000 + 10000 UI/mL;Solução oral;Básico;• FARMÁCIA DISTRITAL ESTAÇÃO DOS VENTOS • FARMÁCIA DISTRITAL FLORIANO ROCHA • FARMÁCIA DISTRITAL KENNEDY • FARMÁCIA DISTRITAL LESTE - UNIDADE DE SAÚDE WILSON PAULO NOAL • FARMÁCIA DISTRITAL OESTE - POLICLÍNICA RUBEN NOAL • FARMÁCIA DISTRITAL SÃO FRANCISCO • FARMÁCIA MUNICIPAL CENTRAL;Disponível
aciclovir;200 mg;Comprimido;Básico;• FARMÁCIA DISTRITAL ESTAÇÃO DOS VENTOS • FARMÁCIA DISTRITAL FLORIANO ROCHA • FARMÁCIA DISTRITAL KENNEDY • FARMÁCIA DISTRITAL LESTE - UNIDADE DE SAÚDE WILSON PAULO NOAL • FARMÁCIA DISTRITAL OESTE - POLICLÍNICA RUBEN NOAL • FARMÁCIA DISTRITAL SÃO FRANCISCO • FARMÁCIA MUNICIPAL CENTRAL;Disponível
albendazol;40 mg/mL;Suspensão oral;Básico;• FARMÁCIA DISTRITAL ESTAÇÃO DOS VENTOS • FARMÁCIA DISTRITAL FLORIANO ROCHA • FARMÁCIA DISTRITAL KENNEDY • FARMÁCIA DISTRITAL LESTE - UNIDADE DE SAÚDE WILSON PAULO NOAL • FARMÁCIA DISTRITAL OESTE - POLICLÍNICA RUBEN NOAL • FARMÁCIA DISTRITAL SÃO FRANCISCO • FARMÁCIA MUNICIPAL CENTRAL;Disponível
albendazol;400 mg;Comprimido mastigável;Básico e Estratégico;• FARMÁCIA DISTRITAL ESTAÇÃO DOS VENTOS • FARMÁCIA DISTRITAL FLORIANO ROCHA • FARMÁCIA DISTRITAL KENNEDY • FARMÁCIA DISTRITAL LESTE - UNIDADE DE SAÚDE WILSON PAULO NOAL • FARMÁCIA DISTRITAL OESTE - POLICLÍNICA RUBEN NOAL • FARMÁCIA DISTRITAL SÃO FRANCISCO • FARMÁCIA MUNICIPAL CENTRAL;Disponível
alopurinol;100 mg;Comprimido;Básico;• FARMÁCIA DISTRITAL ESTAÇÃO DOS VENTOS • FARMÁCIA DISTRITAL FLORIANO ROCHA • FARMÁCIA DISTRITAL KENNEDY • FARMÁCIA DISTRITAL LESTE - UNIDADE DE SAÚDE WILSON PAULO NOAL • FARMÁCIA DISTRITAL OESTE - POLICLÍNICA RUBEN NOAL • FARMÁCIA DISTRITAL SÃO FRANCISCO • FARMÁCIA MUNICIPAL CENTRAL;Disponível
amoxicilina;50 mg/mL;Suspensão oral;Básico;• FARMÁCIA DISTRITAL ESTAÇÃO DOS VENTOS • FARMÁCIA DISTRITAL FLORIANO ROCHA • FARMÁCIA DISTRITAL KENNEDY • FARMÁCIA DISTRITAL LESTE - UNIDADE DE SAÚDE WILSON PAULO NOAL • FARMÁCIA DISTRITAL OESTE - POLICLÍNICA RUBEN NOAL • FARMÁCIA DISTRITAL SÃO FRANCISCO • FARMÁCIA MUNICIPAL CENTRAL;Disponível
amoxicilina;500 mg;Cápsula;Básico;• FARMÁCIA DISTRITAL ESTAÇÃO DOS VENTOS • FARMÁCIA DISTRITAL FLORIANO ROCHA • FARMÁCIA DISTRITAL KENNEDY • FARMÁCIA DISTRITAL LESTE - UNIDADE DE SAÚDE WILSON PAULO NOAL • FARMÁCIA DISTRITAL OESTE - POLICLÍNICA RUBEN NOAL • FARMÁCIA DISTRITAL SÃO FRANCISCO • FARMÁCIA MUNICIPAL CENTRAL;Disponível
amoxicilina + clavulanato de potássio;400 mg + 57mg/mL;Suspensão oral;Básico;• FARMÁCIA DISTRITAL ESTAÇÃO DOS VENTOS • FARMÁCIA DISTRITAL FLORIANO ROCHA • FARMÁCIA DISTRITAL KENNEDY • FARMÁCIA DISTRITAL LESTE - UNIDADE DE SAÚDE WILSON PAULO NOAL • FARMÁCIA DISTRITAL OESTE - POLICLÍNICA RUBEN NOAL • FARMÁCIA DISTRITAL SÃO FRANCISCO • FARMÁCIA MUNICIPAL CENTRAL;Disponível
amoxicilina + clavulanato de potássio;500 mg + 125 mg;Comprimido;Básico;• FARMÁCIA DISTRITAL ESTAÇÃO DOS VENTOS • FARMÁCIA DISTRITAL FLORIANO ROCHA • FARMÁCIA DISTRITAL KENNEDY • FARMÁCIA DISTRITAL LESTE - UNIDADE DE SAÚDE WILSON PAULO NOAL • FARMÁCIA DISTRITAL OESTE - POLICLÍNICA RUBEN NOAL • FARMÁCIA DISTRITAL SÃO FRANCISCO • FARMÁCIA MUNICIPAL CENTRAL;Disponível
anlodipino;5 mg;Comprimido;Básico;• FARMÁCIA DISTRITAL ESTAÇÃO DOS VENTOS • FARMÁCIA DISTRITAL FLORIANO ROCHA • FARMÁCIA DISTRITAL KENNEDY • FARMÁCIA DISTRITAL LESTE - UNIDADE DE SAÚDE WILSON PAULO NOAL • FARMÁCIA DISTRITAL OESTE - POLICLÍNICA RUBEN NOAL • FARMÁCIA DISTRITAL SÃO FRANCISCO • FARMÁCIA MUNICIPAL CENTRAL;Disponível na Farmácia Popular
azitromicina;40 mg/mL;Pó para suspensão oral;Básico e Estratégico;• FARMÁCIA DISTRITAL ESTAÇÃO DOS VENTOS • FARMÁCIA DISTRITAL FLORIANO ROCHA • FARMÁCIA DISTRITAL KENNEDY • FARMÁCIA DISTRITAL LESTE - UNIDADE DE SAÚDE WILSON PAULO NOAL • FARMÁCIA DISTRITAL OESTE - POLICLÍNICA RUBEN NOAL • FARMÁCIA DISTRITAL SÃO FRANCISCO • FARMÁCIA MUNICIPAL CENTRAL;Disponível
azitromicina;500 mg;Comprimido;Básico e Estratégico;• FARMÁCIA DISTRITAL ESTAÇÃO DOS VENTOS • FARMÁCIA DISTRITAL FLORIANO ROCHA • FARMÁCIA DISTRITAL KENNEDY • FARMÁCIA DISTRITAL LESTE - UNIDADE DE SAÚDE WILSON PAULO NOAL • FARMÁCIA DISTRITAL OESTE - POLICLÍNICA RUBEN NOAL • FARMÁCIA DISTRITAL SÃO FRANCISCO • FARMÁCIA MUNICIPAL CENTRAL;Disponível
carbamazepina;20 mg/mL;Suspensão oral;Básico;• FARMÁCIA DISTRITAL ESTAÇÃO DOS VENTOS • FARMÁCIA DISTRITAL FLORIANO ROCHA • FARMÁCIA DISTRITAL KENNEDY • FARMÁCIA DISTRITAL LESTE - UNIDADE DE SAÚDE WILSON PAULO NOAL • FARMÁCIA DISTRITAL OESTE - POLICLÍNICA RUBEN NOAL • FARMÁCIA DISTRITAL SÃO FRANCISCO • FARMÁCIA MUNICIPAL CENTRAL;Disponível
carbamazepina;200 mg;Comprimido;Básico;• FARMÁCIA DISTRITAL ESTAÇÃO DOS VENTOS • FARMÁCIA DISTRITAL FLORIANO ROCHA • FARMÁCIA DISTRITAL KENNEDY • FARMÁCIA DISTRITAL LESTE - UNIDADE DE SAÚDE WILSON PAULO NOAL • FARMÁCIA DISTRITAL OESTE - POLICLÍNICA RUBEN NOAL • FARMÁCIA DISTRITAL SÃO FRANCISCO • FARMÁCIA MUNICIPAL CENTRAL;Disponível
carbonato de cálcio;1.250 mg (500 mg de cálcio);Comprimido;Básico;• FARMÁCIA DISTRITAL ESTAÇÃO DOS VENTOS • FARMÁCIA DISTRITAL FLORIANO ROCHA • FARMÁCIA DISTRITAL KENNEDY • FARMÁCIA DISTRITAL LESTE - UNIDADE DE SAÚDE WILSON PAULO NOAL • FARMÁCIA DISTRITAL OESTE - POLICLÍNICA RUBEN NOAL • FARMÁCIA DISTRITAL SÃO FRANCISCO • FARMÁCIA MUNICIPAL CENTRAL;Disponível
carbonato de lítio;300 mg;Comprimido;Básico;• FARMÁCIA DISTRITAL ESTAÇÃO DOS VENTOS • FARMÁCIA DISTRITAL FLORIANO ROCHA • FARMÁCIA DISTRITAL KENNEDY • FARMÁCIA DISTRITAL LESTE - UNIDADE DE SAÚDE WILSON PAULO NOAL • FARMÁCIA DISTRITAL OESTE - POLICLÍNICA RUBEN NOAL • FARMÁCIA DISTRITAL SÃO FRANCISCO • FARMÁCIA MUNICIPAL CENTRAL;Disponível
carvedilol;12,5 mg;Comprimido;Básico;• FARMÁCIA DISTRITAL ESTAÇÃO DOS VENTOS • FARMÁCIA DISTRITAL FLORIANO ROCHA • FARMÁCIA DISTRITAL KENNEDY • FARMÁCIA DISTRITAL LESTE - UNIDADE DE SAÚDE WILSON PAULO NOAL • FARMÁCIA DISTRITAL OESTE - POLICLÍNICA RUBEN NOAL • FARMÁCIA DISTRITAL SÃO FRANCISCO • FARMÁCIA MUNICIPAL CENTRAL;Disponível
cefalexina;50 mg/mL;Suspensão oral;Básico;• FARMÁCIA DISTRITAL ESTAÇÃO DOS VENTOS • FARMÁCIA DISTRITAL FLORIANO ROCHA • FARMÁCIA DISTRITAL KENNEDY • FARMÁCIA DISTRITAL LESTE - UNIDADE DE SAÚDE WILSON PAULO NOAL • FARMÁCIA DISTRITAL OESTE - POLICLÍNICA RUBEN NOAL • FARMÁCIA DISTRITAL SÃO FRANCISCO • FARMÁCIA MUNICIPAL CENTRAL;Disponível
cefalexina;500 mg;Comprimido;Básico;• FARMÁCIA DISTRITAL ESTAÇÃO DOS VENTOS • FARMÁCIA DISTRITAL FLORIANO ROCHA • FARMÁCIA DISTRITAL KENNEDY • FARMÁCIA DISTRITAL LESTE - UNIDADE DE SAÚDE WILSON PAULO NOAL • FARMÁCIA DISTRITAL OESTE - POLICLÍNICA RUBEN NOAL • FARMÁCIA DISTRITAL SÃO FRANCISCO • FARMÁCIA MUNICIPAL CENTRAL;Disponível
ciprofloxacino;500 mg;Comprimido;Básico;• FARMÁCIA DISTRITAL ESTAÇÃO DOS VENTOS • FARMÁCIA DISTRITAL FLORIANO ROCHA • FARMÁCIA DISTRITAL KENNEDY • FARMÁCIA DISTRITAL LESTE - UNIDADE DE SAÚDE WILSON PAULO NOAL • FARMÁCIA DISTRITAL OESTE - POLICLÍNICA RUBEN NOAL • FARMÁCIA DISTRITAL SÃO FRANCISCO • FARMÁCIA MUNICIPAL CENTRAL;Disponível
clonazepam;0,5 mg;Comprimido;Básico;• FARMÁCIA DISTRITAL ESTAÇÃO DOS VENTOS • FARMÁCIA DISTRITAL FLORIANO ROCHA • FARMÁCIA DISTRITAL KENNEDY • FARMÁCIA DISTRITAL LESTE - UNIDADE DE SAÚDE WILSON PAULO NOAL • FARMÁCIA DISTRITAL OESTE - POLICLÍNICA RUBEN NOAL • FARMÁCIA DISTRITAL SÃO FRANCISCO • FARMÁCIA MUNICIPAL CENTRAL;Disponível
clonazepam;2 mg;Comprimido;Básico;• FARMÁCIA DISTRITAL ESTAÇÃO DOS VENTOS • FARMÁCIA DISTRITAL FLORIANO ROCHA • FARMÁCIA DISTRITAL KENNEDY • FARMÁCIA DISTRITAL LESTE - UNIDADE DE SAÚDE WILSON PAULO NOAL • FARMÁCIA DISTRITAL OESTE - POLICLÍNICA RUBEN NOAL • FARMÁCIA DISTRITAL SÃO FRANCISCO • FARMÁCIA MUNICIPAL CENTRAL;Disponível
cloreto de sódio;0,9% (9 mg/mL);Solução nasal;Básico;• FARMÁCIA DISTRITAL ESTAÇÃO DOS VENTOS • FARMÁCIA DISTRITAL FLORIANO ROCHA • FARMÁCIA DISTRITAL KENNEDY • FARMÁCIA DISTRITAL LESTE - UNIDADE DE SAÚDE WILSON PAULO NOAL • FARMÁCIA DISTRITAL OESTE - POLICLÍNICA RUBEN NOAL • FARMÁCIA DISTRITAL SÃO FRANCISCO • FARMÁCIA MUNICIPAL CENTRAL;Disponível
cloridrato de amiodarona;200 mg;Comprimido;Básico;• FARMÁCIA DISTRITAL ESTAÇÃO DOS VENTOS • FARMÁCIA DISTRITAL FLORIANO ROCHA • FARMÁCIA DISTRITAL KENNEDY • FARMÁCIA DISTRITAL LESTE - UNIDADE DE SAÚDE WILSON PAULO NOAL • FARMÁCIA DISTRITAL OESTE - POLICLÍNICA RUBEN NOAL • FARMÁCIA DISTRITAL SÃO FRANCISCO • FARMÁCIA MUNICIPAL CENTRAL;Disponível
cloridrato de amitriptilina;25 mg;Comprimido;Básico;• FARMÁCIA DISTRITAL ESTAÇÃO DOS VENTOS • FARMÁCIA DISTRITAL FLORIANO ROCHA • FARMÁCIA DISTRITAL KENNEDY • FARMÁCIA DISTRITAL LESTE - UNIDADE DE SAÚDE WILSON PAULO NOAL • FARMÁCIA DISTRITAL OESTE - POLICLÍNICA RUBEN NOAL • FARMÁCIA DISTRITAL SÃO FRANCISCO • FARMÁCIA MUNICIPAL CENTRAL;Disponível
cloridrato de biperideno;2 mg;Comprimido;Básico;• FARMÁCIA DISTRITAL ESTAÇÃO DOS VENTOS • FARMÁCIA DISTRITAL FLORIANO ROCHA • FARMÁCIA DISTRITAL KENNEDY • FARMÁCIA DISTRITAL LESTE - UNIDADE DE SAÚDE WILSON PAULO NOAL • FARMÁCIA DISTRITAL OESTE - POLICLÍNICA RUBEN NOAL • FARMÁCIA DISTRITAL SÃO FRANCISCO • FARMÁCIA MUNICIPAL CENTRAL;Disponível
cloridrato de clindamicina;300 mg;Cápsula;Básico;• FARMÁCIA DISTRITAL ESTAÇÃO DOS VENTOS • FARMÁCIA DISTRITAL FLORIANO ROCHA • FARMÁCIA DISTRITAL KENNEDY • FARMÁCIA DISTRITAL LESTE - UNIDADE DE SAÚDE WILSON PAULO NOAL • FARMÁCIA DISTRITAL OESTE - POLICLÍNICA RUBEN NOAL • FARMÁCIA DISTRITAL SÃO FRANCISCO • FARMÁCIA MUNICIPAL CENTRAL;Disponível
cloridrato de clorpromazina;100 mg;Comprimido;Básico;• FARMÁCIA DISTRITAL ESTAÇÃO DOS VENTOS • FARMÁCIA DISTRITAL FLORIANO ROCHA • FARMÁCIA DISTRITAL KENNEDY • FARMÁCIA DISTRITAL LESTE - UNIDADE DE SAÚDE WILSON PAULO NOAL • FARMÁCIA DISTRITAL OESTE - POLICLÍNICA RUBEN NOAL • FARMÁCIA DISTRITAL SÃO FRANCISCO • FARMÁCIA MUNICIPAL CENTRAL;Disponível
cloridrato de doxiciclina;100 mg;Comprimido;Estratégico;• FARMÁCIA DISTRITAL ESTAÇÃO DOS VENTOS • FARMÁCIA DISTRITAL FLORIANO ROCHA • FARMÁCIA DISTRITAL KENNEDY • FARMÁCIA DISTRITAL LESTE - UNIDADE DE SAÚDE WILSON PAULO NOAL • FARMÁCIA DISTRITAL OESTE - POLICLÍNICA RUBEN NOAL • FARMÁCIA DISTRITAL SÃO FRANCISCO • FARMÁCIA MUNICIPAL CENTRAL;Disponível
cloridrato de fluoxetina;20 mg;Cápsula;Básico;• FARMÁCIA DISTRITAL ESTAÇÃO DOS VENTOS • FARMÁCIA DISTRITAL FLORIANO ROCHA • FARMÁCIA DISTRITAL KENNEDY • FARMÁCIA DISTRITAL LESTE - UNIDADE DE SAÚDE WILSON PAULO NOAL • FARMÁCIA DISTRITAL OESTE - POLICLÍNICA RUBEN NOAL • FARMÁCIA DISTRITAL SÃO FRANCISCO • FARMÁCIA MUNICIPAL CENTRAL;Disponível
cloridrato de metoclopramida;10 mg;Comprimido;Básico;• FARMÁCIA DISTRITAL ESTAÇÃO DOS VENTOS • FARMÁCIA DISTRITAL FLORIANO ROCHA • FARMÁCIA DISTRITAL KENNEDY • FARMÁCIA DISTRITAL LESTE - UNIDADE DE SAÚDE WILSON PAULO NOAL • FARMÁCIA DISTRITAL OESTE - POLICLÍNICA RUBEN NOAL • FARMÁCIA DISTRITAL SÃO FRANCISCO • FARMÁCIA MUNICIPAL CENTRAL;Disponível
cloridrato de nortriptilina;25 mg;Cápsula;Básico;• FARMÁCIA DISTRITAL ESTAÇÃO DOS VENTOS • FARMÁCIA DISTRITAL FLORIANO ROCHA • FARMÁCIA DISTRITAL KENNEDY • FARMÁCIA DISTRITAL LESTE - UNIDADE DE SAÚDE WILSON PAULO NOAL • FARMÁCIA DISTRITAL OESTE - POLICLÍNICA RUBEN NOAL • FARMÁCIA DISTRITAL SÃO FRANCISCO • FARMÁCIA MUNICIPAL CENTRAL;Disponível
cloridrato de ondansetrona;4 mg;Comprimido;Básico;• FARMÁCIA DISTRITAL ESTAÇÃO DOS VENTOS • FARMÁCIA DISTRITAL FLORIANO ROCHA • FARMÁCIA DISTRITAL KENNEDY • FARMÁCIA DISTRITAL LESTE - UNIDADE DE SAÚDE WILSON PAULO NOAL • FARMÁCIA DISTRITAL OESTE - POLICLÍNICA RUBEN NOAL • FARMÁCIA DISTRITAL SÃO FRANCISCO • FARMÁCIA MUNICIPAL CENTRAL;Disponível
cloridrato de prometazina;25 mg;Comprimido;Básico;• FARMÁCIA DISTRITAL ESTAÇÃO DOS VENTOS • FARMÁCIA DISTRITAL FLORIANO ROCHA • FARMÁCIA DISTRITAL KENNEDY • FARMÁCIA DISTRITAL LESTE - UNIDADE DE SAÚDE WILSON PAULO NOAL • FARMÁCIA DISTRITAL OESTE - POLICLÍNICA RUBEN NOAL • FARMÁCIA DISTRITAL SÃO FRANCISCO • FARMÁCIA MUNICIPAL CENTRAL;Disponível
cloridrato de verapamil;80 mg;Comprimido;Básico;• FARMÁCIA DISTRITAL ESTAÇÃO DOS VENTOS • FARMÁCIA DISTRITAL FLORIANO ROCHA • FARMÁCIA DISTRITAL KENNEDY • FARMÁCIA DISTRITAL LESTE - UNIDADE DE SAÚDE WILSON PAULO NOAL • FARMÁCIA DISTRITAL OESTE - POLICLÍNICA RUBEN NOAL • FARMÁCIA DISTRITAL SÃO FRANCISCO • FARMÁCIA MUNICIPAL CENTRAL;Aguardando Reposição
complexo B;80 mg;Comprimido;Básico;• FARMÁCIA DISTRITAL ESTAÇÃO DOS VENTOS • FARMÁCIA DISTRITAL FLORIANO ROCHA • FARMÁCIA DISTRITAL KENNEDY • FARMÁCIA DISTRITAL LESTE - UNIDADE DE SAÚDE WILSON PAULO NOAL • FARMÁCIA DISTRITAL OESTE - POLICLÍNICA RUBEN NOAL • FARMÁCIA DISTRITAL SÃO FRANCISCO • FARMÁCIA MUNICIPAL CENTRAL;Disponível
decanoato de haloperidol;50 mg/mL;Solução injetável;Básico;• FARMÁCIA DISTRITAL ESTAÇÃO DOS VENTOS • FARMÁCIA DISTRITAL FLORIANO ROCHA • FARMÁCIA DISTRITAL KENNEDY • FARMÁCIA DISTRITAL LESTE - UNIDADE DE SAÚDE WILSON PAULO NOAL • FARMÁCIA DISTRITAL OESTE - POLICLÍNICA RUBEN NOAL • FARMÁCIA DISTRITAL SÃO FRANCISCO • FARMÁCIA MUNICIPAL CENTRAL;Disponível
dexametasona;1 mg/g (0,1%);Creme;Básico;• FARMÁCIA DISTRITAL ESTAÇÃO DOS VENTOS • FARMÁCIA DISTRITAL FLORIANO ROCHA • FARMÁCIA DISTRITAL KENNEDY • FARMÁCIA DISTRITAL LESTE - UNIDADE DE SAÚDE WILSON PAULO NOAL • FARMÁCIA DISTRITAL OESTE - POLICLÍNICA RUBEN NOAL • FARMÁCIA DISTRITAL SÃO FRANCISCO • FARMÁCIA MUNICIPAL CENTRAL;Disponível
diazepam;5 mg;Comprimido;Básico;• FARMÁCIA DISTRITAL ESTAÇÃO DOS VENTOS • FARMÁCIA DISTRITAL FLORIANO ROCHA • FARMÁCIA DISTRITAL KENNEDY • FARMÁCIA DISTRITAL LESTE - UNIDADE DE SAÚDE WILSON PAULO NOAL • FARMÁCIA DISTRITAL OESTE - POLICLÍNICA RUBEN NOAL • FARMÁCIA DISTRITAL SÃO FRANCISCO • FARMÁCIA MUNICIPAL CENTRAL;Disponível
digoxina;0,25 mg;Comprimido;Básico;• FARMÁCIA DISTRITAL ESTAÇÃO DOS VENTOS • FARMÁCIA DISTRITAL FLORIANO ROCHA • FARMÁCIA DISTRITAL KENNEDY • FARMÁCIA DISTRITAL LESTE - UNIDADE DE SAÚDE WILSON PAULO NOAL • FARMÁCIA DISTRITAL OESTE - POLICLÍNICA RUBEN NOAL • FARMÁCIA DISTRITAL SÃO FRANCISCO • FARMÁCIA MUNICIPAL CENTRAL;Disponível
dipirona;500 mg;Comprimido;Básico;• FARMÁCIA DISTRITAL ESTAÇÃO DOS VENTOS • FARMÁCIA DISTRITAL FLORIANO ROCHA • FARMÁCIA DISTRITAL KENNEDY • FARMÁCIA DISTRITAL LESTE - UNIDADE DE SAÚDE WILSON PAULO NOAL • FARMÁCIA DISTRITAL OESTE - POLICLÍNICA RUBEN NOAL • FARMÁCIA DISTRITAL SÃO FRANCISCO • FARMÁCIA MUNICIPAL CENTRAL;Disponível
dipirona;500 mg/mL;Solução oral;Básico;• FARMÁCIA DISTRITAL ESTAÇÃO DOS VENTOS • FARMÁCIA DISTRITAL FLORIANO ROCHA • FARMÁCIA DISTRITAL KENNEDY • FARMÁCIA DISTRITAL LESTE - UNIDADE DE SAÚDE WILSON PAULO NOAL • FARMÁCIA DISTRITAL OESTE - POLICLÍNICA RUBEN NOAL • FARMÁCIA DISTRITAL SÃO FRANCISCO • FARMÁCIA MUNICIPAL CENTRAL;Disponível
enantato de noretisterona + valerato de estradiol;50 mg/mL + 5 mg/mL;Solução injetável;Básico;• FARMÁCIA DISTRITAL ESTAÇÃO DOS VENTOS • FARMÁCIA DISTRITAL FLORIANO ROCHA • FARMÁCIA DISTRITAL KENNEDY • FARMÁCIA DISTRITAL LESTE - UNIDADE DE SAÚDE WILSON PAULO NOAL • FARMÁCIA DISTRITAL OESTE - POLICLÍNICA RUBEN NOAL • FARMÁCIA DISTRITAL SÃO FRANCISCO • FARMÁCIA MUNICIPAL CENTRAL;Disponível
espironolactona;25 mg;Comprimido;Básico;• FARMÁCIA DISTRITAL ESTAÇÃO DOS VENTOS • FARMÁCIA DISTRITAL FLORIANO ROCHA • FARMÁCIA DISTRITAL KENNEDY • FARMÁCIA DISTRITAL LESTE - UNIDADE DE SAÚDE WILSON PAULO NOAL • FARMÁCIA DISTRITAL OESTE - POLICLÍNICA RUBEN NOAL • FARMÁCIA DISTRITAL SÃO FRANCISCO • FARMÁCIA MUNICIPAL CENTRAL;Disponível na Farmácia Popular
etinilestradiol + levonorgestrel;0,03 mg + 0,15 mg;Comprimido;Básico;• FARMÁCIA DISTRITAL ESTAÇÃO DOS VENTOS • FARMÁCIA DISTRITAL FLORIANO ROCHA • FARMÁCIA DISTRITAL KENNEDY • FARMÁCIA DISTRITAL LESTE - UNIDADE DE SAÚDE WILSON PAULO NOAL • FARMÁCIA DISTRITAL OESTE - POLICLÍNICA RUBEN NOAL • FARMÁCIA DISTRITAL SÃO FRANCISCO • FARMÁCIA MUNICIPAL CENTRAL;Disponível
fenitoína;100 mg;Comprimido;Básico;• FARMÁCIA DISTRITAL ESTAÇÃO DOS VENTOS • FARMÁCIA DISTRITAL FLORIANO ROCHA • FARMÁCIA DISTRITAL KENNEDY • FARMÁCIA DISTRITAL LESTE - UNIDADE DE SAÚDE WILSON PAULO NOAL • FARMÁCIA DISTRITAL OESTE - POLICLÍNICA RUBEN NOAL • FARMÁCIA DISTRITAL SÃO FRANCISCO • FARMÁCIA MUNICIPAL CENTRAL;Disponível
fenobarbital;100 mg;Comprimido;Básico;• FARMÁCIA DISTRITAL ESTAÇÃO DOS VENTOS • FARMÁCIA DISTRITAL FLORIANO ROCHA • FARMÁCIA DISTRITAL KENNEDY • FARMÁCIA DISTRITAL LESTE - UNIDADE DE SAÚDE WILSON PAULO NOAL • FARMÁCIA DISTRITAL OESTE - POLICLÍNICA RUBEN NOAL • FARMÁCIA DISTRITAL SÃO FRANCISCO • FARMÁCIA MUNICIPAL CENTRAL;Disponível
fenobarbital;40 mg/mL;Solução oral;Básico;• FARMÁCIA DISTRITAL ESTAÇÃO DOS VENTOS • FARMÁCIA DISTRITAL FLORIANO ROCHA • FARMÁCIA DISTRITAL KENNEDY • FARMÁCIA DISTRITAL LESTE - UNIDADE DE SAÚDE WILSON PAULO NOAL • FARMÁCIA DISTRITAL OESTE - POLICLÍNICA RUBEN NOAL • FARMÁCIA DISTRITAL SÃO FRANCISCO • FARMÁCIA MUNICIPAL CENTRAL;Disponível
finasterida;5 mg;Comprimido;Básico;• FARMÁCIA DISTRITAL ESTAÇÃO DOS VENTOS • FARMÁCIA DISTRITAL FLORIANO ROCHA • FARMÁCIA DISTRITAL KENNEDY • FARMÁCIA DISTRITAL LESTE - UNIDADE DE SAÚDE WILSON PAULO NOAL • FARMÁCIA DISTRITAL OESTE - POLICLÍNICA RUBEN NOAL • FARMÁCIA DISTRITAL SÃO FRANCISCO • FARMÁCIA MUNICIPAL CENTRAL;Disponível
fluconazol;150 mg;Cápsula;Básico;• FARMÁCIA DISTRITAL ESTAÇÃO DOS VENTOS • FARMÁCIA DISTRITAL FLORIANO ROCHA • FARMÁCIA DISTRITAL KENNEDY • FARMÁCIA DISTRITAL LESTE - UNIDADE DE SAÚDE WILSON PAULO NOAL • FARMÁCIA DISTRITAL OESTE - POLICLÍNICA RUBEN NOAL • FARMÁCIA DISTRITAL SÃO FRANCISCO • FARMÁCIA MUNICIPAL CENTRAL;Disponível
fosfato de oseltamivir;30 mg;Cápsula;Estratégico;• FARMÁCIA DISTRITAL ESTAÇÃO DOS VENTOS • FARMÁCIA DISTRITAL FLORIANO ROCHA • FARMÁCIA DISTRITAL KENNEDY • FARMÁCIA DISTRITAL LESTE - UNIDADE DE SAÚDE WILSON PAULO NOAL • FARMÁCIA DISTRITAL OESTE - POLICLÍNICA RUBEN NOAL • FARMÁCIA DISTRITAL SÃO FRANCISCO • FARMÁCIA MUNICIPAL CENTRAL;Disponível
fosfato de oseltamivir;45 mg;Cápsula;Estratégico;• FARMÁCIA DISTRITAL ESTAÇÃO DOS VENTOS • FARMÁCIA DISTRITAL FLORIANO ROCHA • FARMÁCIA DISTRITAL KENNEDY • FARMÁCIA DISTRITAL LESTE - UNIDADE DE SAÚDE WILSON PAULO NOAL • FARMÁCIA DISTRITAL OESTE - POLICLÍNICA RUBEN NOAL • FARMÁCIA DISTRITAL SÃO FRANCISCO • FARMÁCIA MUNICIPAL CENTRAL;Disponível
fosfato de oseltamivir;75 mg;Cápsula;Estratégico;• FARMÁCIA DISTRITAL ESTAÇÃO DOS VENTOS • FARMÁCIA DISTRITAL FLORIANO ROCHA • FARMÁCIA DISTRITAL KENNEDY • FARMÁCIA DISTRITAL LESTE - UNIDADE DE SAÚDE WILSON PAULO NOAL • FARMÁCIA DISTRITAL OESTE - POLICLÍNICA RUBEN NOAL • FARMÁCIA DISTRITAL SÃO FRANCISCO • FARMÁCIA MUNICIPAL CENTRAL;Disponível
fosfato sódico de prednisolona;3 mg/mL;Solução oral;Básico;• FARMÁCIA DISTRITAL ESTAÇÃO DOS VENTOS • FARMÁCIA DISTRITAL FLORIANO ROCHA • FARMÁCIA DISTRITAL KENNEDY • FARMÁCIA DISTRITAL LESTE - UNIDADE DE SAÚDE WILSON PAULO NOAL • FARMÁCIA DISTRITAL OESTE - POLICLÍNICA RUBEN NOAL • FARMÁCIA DISTRITAL SÃO FRANCISCO • FARMÁCIA MUNICIPAL CENTRAL;Disponível
furosemida;40 mg;Comprimido;Básico;• FARMÁCIA DISTRITAL ESTAÇÃO DOS VENTOS • FARMÁCIA DISTRITAL FLORIANO ROCHA • FARMÁCIA DISTRITAL KENNEDY • FARMÁCIA DISTRITAL LESTE - UNIDADE DE SAÚDE WILSON PAULO NOAL • FARMÁCIA DISTRITAL OESTE - POLICLÍNICA RUBEN NOAL • FARMÁCIA DISTRITAL SÃO FRANCISCO • FARMÁCIA MUNICIPAL CENTRAL;Disponível na Farmácia Popular
glimepirida;2 mg;Comprimido;Básico;• FARMÁCIA DISTRITAL ESTAÇÃO DOS VENTOS • FARMÁCIA DISTRITAL FLORIANO ROCHA • FARMÁCIA DISTRITAL KENNEDY • FARMÁCIA DISTRITAL LESTE - UNIDADE DE SAÚDE WILSON PAULO NOAL • FARMÁCIA DISTRITAL OESTE - POLICLÍNICA RUBEN NOAL • FARMÁCIA DISTRITAL SÃO FRANCISCO • FARMÁCIA MUNICIPAL CENTRAL;Disponível
haloperidol;1 mg;Comprimido;Básico;• FARMÁCIA DISTRITAL ESTAÇÃO DOS VENTOS • FARMÁCIA DISTRITAL FLORIANO ROCHA • FARMÁCIA DISTRITAL KENNEDY • FARMÁCIA DISTRITAL LESTE - UNIDADE DE SAÚDE WILSON PAULO NOAL • FARMÁCIA DISTRITAL OESTE - POLICLÍNICA RUBEN NOAL • FARMÁCIA DISTRITAL SÃO FRANCISCO • FARMÁCIA MUNICIPAL CENTRAL;Disponível
haloperidol;2 mg/mL;Solução oral;Básico;• FARMÁCIA DISTRITAL ESTAÇÃO DOS VENTOS • FARMÁCIA DISTRITAL FLORIANO ROCHA • FARMÁCIA DISTRITAL KENNEDY • FARMÁCIA DISTRITAL LESTE - UNIDADE DE SAÚDE WILSON PAULO NOAL • FARMÁCIA DISTRITAL OESTE - POLICLÍNICA RUBEN NOAL • FARMÁCIA DISTRITAL SÃO FRANCISCO • FARMÁCIA MUNICIPAL CENTRAL;Disponível
haloperidol;5 mg;Comprimido;Básico;• FARMÁCIA DISTRITAL ESTAÇÃO DOS VENTOS • FARMÁCIA DISTRITAL FLORIANO ROCHA • FARMÁCIA DISTRITAL KENNEDY • FARMÁCIA DISTRITAL LESTE - UNIDADE DE SAÚDE WILSON PAULO NOAL • FARMÁCIA DISTRITAL OESTE - POLICLÍNICA RUBEN NOAL • FARMÁCIA DISTRITAL SÃO FRANCISCO • FARMÁCIA MUNICIPAL CENTRAL;Disponível
hidroclorotiazida;25 mg;Comprimido;Básico;• FARMÁCIA DISTRITAL ESTAÇÃO DOS VENTOS • FARMÁCIA DISTRITAL FLORIANO ROCHA • FARMÁCIA DISTRITAL KENNEDY • FARMÁCIA DISTRITAL LESTE - UNIDADE DE SAÚDE WILSON PAULO NOAL • FARMÁCIA DISTRITAL OESTE - POLICLÍNICA RUBEN NOAL • FARMÁCIA DISTRITAL SÃO FRANCISCO • FARMÁCIA MUNICIPAL CENTRAL;Disponível na Farmácia Popular
ibuprofeno;100 mg/mL;Suspensão oral;Básico;• FARMÁCIA DISTRITAL ESTAÇÃO DOS VENTOS • FARMÁCIA DISTRITAL FLORIANO ROCHA • FARMÁCIA DISTRITAL KENNEDY • FARMÁCIA DISTRITAL LESTE - UNIDADE DE SAÚDE WILSON PAULO NOAL • FARMÁCIA DISTRITAL OESTE - POLICLÍNICA RUBEN NOAL • FARMÁCIA DISTRITAL SÃO FRANCISCO • FARMÁCIA MUNICIPAL CENTRAL;Disponível
ibuprofeno;600 mg;Comprimido;Básico;• FARMÁCIA DISTRITAL ESTAÇÃO DOS VENTOS • FARMÁCIA DISTRITAL FLORIANO ROCHA • FARMÁCIA DISTRITAL KENNEDY • FARMÁCIA DISTRITAL LESTE - UNIDADE DE SAÚDE WILSON PAULO NOAL • FARMÁCIA DISTRITAL OESTE - POLICLÍNICA RUBEN NOAL • FARMÁCIA DISTRITAL SÃO FRANCISCO • FARMÁCIA MUNICIPAL CENTRAL;Disponível
insulina humana NPH;100 unidades internacionais/mL;Suspensão injetável;Básico;• FARMÁCIA DISTRITAL LESTE - UNIDADE DE SAÚDE WILSON PAULO NOAL • FARMÁCIA DISTRITAL OESTE - POLICLÍNICA RUBEN NOAL • FARMÁCIA MUNICIPAL CENTRAL;Disponível
insulina humana regular;100 unidades internacionais/mL;Solução injetável;Básico;• FARMÁCIA DISTRITAL LESTE - UNIDADE DE SAÚDE WILSON PAULO NOAL • FARMÁCIA DISTRITAL OESTE - POLICLÍNICA RUBEN NOAL • FARMÁCIA MUNICIPAL CENTRAL;Disponível
ivermectina;6 mg;Comprimido;Básico;• FARMÁCIA DISTRITAL ESTAÇÃO DOS VENTOS • FARMÁCIA DISTRITAL FLORIANO ROCHA • FARMÁCIA DISTRITAL KENNEDY • FARMÁCIA DISTRITAL LESTE - UNIDADE DE SAÚDE WILSON PAULO NOAL • FARMÁCIA DISTRITAL OESTE - POLICLÍNICA RUBEN NOAL • FARMÁCIA DISTRITAL SÃO FRANCISCO • FARMÁCIA MUNICIPAL CENTRAL;Disponível
lactulose;667 mg/mL;Xarope;Básico;• FARMÁCIA DISTRITAL ESTAÇÃO DOS VENTOS • FARMÁCIA DISTRITAL FLORIANO ROCHA • FARMÁCIA DISTRITAL KENNEDY • FARMÁCIA DISTRITAL LESTE - UNIDADE DE SAÚDE WILSON PAULO NOAL • FARMÁCIA DISTRITAL OESTE - POLICLÍNICA RUBEN NOAL • FARMÁCIA DISTRITAL SÃO FRANCISCO • FARMÁCIA MUNICIPAL CENTRAL;Aguardando Reposição
levotiroxina sódica;100 microgramas;Comprimido;Básico;• FARMÁCIA DISTRITAL ESTAÇÃO DOS VENTOS • FARMÁCIA DISTRITAL FLORIANO ROCHA • FARMÁCIA DISTRITAL KENNEDY • FARMÁCIA DISTRITAL LESTE - UNIDADE DE SAÚDE WILSON PAULO NOAL • FARMÁCIA DISTRITAL OESTE - POLICLÍNICA RUBEN NOAL • FARMÁCIA DISTRITAL SÃO FRANCISCO • FARMÁCIA MUNICIPAL CENTRAL;Aguardando Reposição
levotiroxina sódica;25 microgramas;Comprimido;Básico;• FARMÁCIA DISTRITAL ESTAÇÃO DOS VENTOS • FARMÁCIA DISTRITAL FLORIANO ROCHA • FARMÁCIA DISTRITAL KENNEDY • FARMÁCIA DISTRITAL LESTE - UNIDADE DE SAÚDE WILSON PAULO NOAL • FARMÁCIA DISTRITAL OESTE - POLICLÍNICA RUBEN NOAL • FARMÁCIA DISTRITAL SÃO FRANCISCO • FARMÁCIA MUNICIPAL CENTRAL;Disponível
levotiroxina sódica;50 microgramas;Comprimido;Básico;• FARMÁCIA DISTRITAL ESTAÇÃO DOS VENTOS • FARMÁCIA DISTRITAL FLORIANO ROCHA • FARMÁCIA DISTRITAL KENNEDY • FARMÁCIA DISTRITAL LESTE - UNIDADE DE SAÚDE WILSON PAULO NOAL • FARMÁCIA DISTRITAL OESTE - POLICLÍNICA RUBEN NOAL • FARMÁCIA DISTRITAL SÃO FRANCISCO • FARMÁCIA MUNICIPAL CENTRAL;Disponível
loratadina;10 mg;Comprimido;Básico;• FARMÁCIA DISTRITAL ESTAÇÃO DOS VENTOS • FARMÁCIA DISTRITAL FLORIANO ROCHA • FARMÁCIA DISTRITAL KENNEDY • FARMÁCIA DISTRITAL LESTE - UNIDADE DE SAÚDE WILSON PAULO NOAL • FARMÁCIA DISTRITAL OESTE - POLICLÍNICA RUBEN NOAL • FARMÁCIA DISTRITAL SÃO FRANCISCO • FARMÁCIA MUNICIPAL CENTRAL;Disponível
maleato de dexclorfeniramina;0,4 mg/mL;Xarope;Básico;• FARMÁCIA DISTRITAL ESTAÇÃO DOS VENTOS • FARMÁCIA DISTRITAL FLORIANO ROCHA • FARMÁCIA DISTRITAL KENNEDY • FARMÁCIA DISTRITAL LESTE - UNIDADE DE SAÚDE WILSON PAULO NOAL • FARMÁCIA DISTRITAL OESTE - POLICLÍNICA RUBEN NOAL • FARMÁCIA DISTRITAL SÃO FRANCISCO • FARMÁCIA MUNICIPAL CENTRAL;Disponível
maleato de timolol;5 mg/mL (0,5%);Solução oftálmica;Básico e Especializado;• FARMÁCIA DISTRITAL ESTAÇÃO DOS VENTOS • FARMÁCIA DISTRITAL FLORIANO ROCHA • FARMÁCIA DISTRITAL KENNEDY • FARMÁCIA DISTRITAL LESTE - UNIDADE DE SAÚDE WILSON PAULO NOAL • FARMÁCIA DISTRITAL OESTE - POLICLÍNICA RUBEN NOAL • FARMÁCIA DISTRITAL SÃO FRANCISCO • FARMÁCIA MUNICIPAL CENTRAL;Disponível na Farmácia Popular
mesilato de doxazosina;2 mg;Comprimido;Básico;• FARMÁCIA DISTRITAL ESTAÇÃO DOS VENTOS • FARMÁCIA DISTRITAL FLORIANO ROCHA • FARMÁCIA DISTRITAL KENNEDY • FARMÁCIA DISTRITAL LESTE - UNIDADE DE SAÚDE WILSON PAULO NOAL • FARMÁCIA DISTRITAL OESTE - POLICLÍNICA RUBEN NOAL • FARMÁCIA DISTRITAL SÃO FRANCISCO • FARMÁCIA MUNICIPAL CENTRAL;Disponível
metildopa;250 mg;Comprimido;Básico;• FARMÁCIA DISTRITAL ESTAÇÃO DOS VENTOS • FARMÁCIA DISTRITAL FLORIANO ROCHA • FARMÁCIA DISTRITAL KENNEDY • FARMÁCIA DISTRITAL LESTE - UNIDADE DE SAÚDE WILSON PAULO NOAL • FARMÁCIA DISTRITAL OESTE - POLICLÍNICA RUBEN NOAL • FARMÁCIA DISTRITAL SÃO FRANCISCO • FARMÁCIA MUNICIPAL CENTRAL;Disponível
metronidazol;100 mg/g (10%);Gel vaginal;Básico;• FARMÁCIA DISTRITAL ESTAÇÃO DOS VENTOS • FARMÁCIA DISTRITAL FLORIANO ROCHA • FARMÁCIA DISTRITAL KENNEDY • FARMÁCIA DISTRITAL LESTE - UNIDADE DE SAÚDE WILSON PAULO NOAL • FARMÁCIA DISTRITAL OESTE - POLICLÍNICA RUBEN NOAL • FARMÁCIA DISTRITAL SÃO FRANCISCO • FARMÁCIA MUNICIPAL CENTRAL;Disponível
metronidazol;400 mg;Comprimido;Básico;• FARMÁCIA DISTRITAL ESTAÇÃO DOS VENTOS • FARMÁCIA DISTRITAL FLORIANO ROCHA • FARMÁCIA DISTRITAL KENNEDY • FARMÁCIA DISTRITAL LESTE - UNIDADE DE SAÚDE WILSON PAULO NOAL • FARMÁCIA DISTRITAL OESTE - POLICLÍNICA RUBEN NOAL • FARMÁCIA DISTRITAL SÃO FRANCISCO • FARMÁCIA MUNICIPAL CENTRAL;Aguardando Reposição
mononitrato de isossorbida;20 mg;Comprimido;Básico;• FARMÁCIA DISTRITAL ESTAÇÃO DOS VENTOS • FARMÁCIA DISTRITAL FLORIANO ROCHA • FARMÁCIA DISTRITAL KENNEDY • FARMÁCIA DISTRITAL LESTE - UNIDADE DE SAÚDE WILSON PAULO NOAL • FARMÁCIA DISTRITAL OESTE - POLICLÍNICA RUBEN NOAL • FARMÁCIA DISTRITAL SÃO FRANCISCO • FARMÁCIA MUNICIPAL CENTRAL;Disponível
neomicina associada com bacitracina;5 mg + 250 UI/g;Pomada;Básico;• FARMÁCIA DISTRITAL ESTAÇÃO DOS VENTOS • FARMÁCIA DISTRITAL FLORIANO ROCHA • FARMÁCIA DISTRITAL KENNEDY • FARMÁCIA DISTRITAL LESTE - UNIDADE DE SAÚDE WILSON PAULO NOAL • FARMÁCIA DISTRITAL OESTE - POLICLÍNICA RUBEN NOAL • FARMÁCIA DISTRITAL SÃO FRANCISCO • FARMÁCIA MUNICIPAL CENTRAL;Disponível
nifedipino retard;20 mg;Comprimido;Básico;• FARMÁCIA DISTRITAL ESTAÇÃO DOS VENTOS • FARMÁCIA DISTRITAL FLORIANO ROCHA • FARMÁCIA DISTRITAL KENNEDY • FARMÁCIA DISTRITAL LESTE - UNIDADE DE SAÚDE WILSON PAULO NOAL • FARMÁCIA DISTRITAL OESTE - POLICLÍNICA RUBEN NOAL • FARMÁCIA DISTRITAL SÃO FRANCISCO • FARMÁCIA MUNICIPAL CENTRAL;Disponível
nimesulida;100 mg;Comprimido;Básico;• FARMÁCIA DISTRITAL ESTAÇÃO DOS VENTOS • FARMÁCIA DISTRITAL FLORIANO ROCHA • FARMÁCIA DISTRITAL KENNEDY • FARMÁCIA DISTRITAL LESTE - UNIDADE DE SAÚDE WILSON PAULO NOAL • FARMÁCIA DISTRITAL OESTE - POLICLÍNICA RUBEN NOAL • FARMÁCIA DISTRITAL SÃO FRANCISCO • FARMÁCIA MUNICIPAL CENTRAL;Disponível
nistatina;100.000 unidades internacionais/mL;Suspensão oral;Básico;• FARMÁCIA DISTRITAL ESTAÇÃO DOS VENTOS • FARMÁCIA DISTRITAL FLORIANO ROCHA • FARMÁCIA DISTRITAL KENNEDY • FARMÁCIA DISTRITAL LESTE - UNIDADE DE SAÚDE WILSON PAULO NOAL • FARMÁCIA DISTRITAL OESTE - POLICLÍNICA RUBEN NOAL • FARMÁCIA DISTRITAL SÃO FRANCISCO • FARMÁCIA MUNICIPAL CENTRAL;Disponível
nitrato de miconazol;2% (20 mg/g);Creme vaginal;Básico;• FARMÁCIA DISTRITAL ESTAÇÃO DOS VENTOS • FARMÁCIA DISTRITAL FLORIANO ROCHA • FARMÁCIA DISTRITAL KENNEDY • FARMÁCIA DISTRITAL LESTE - UNIDADE DE SAÚDE WILSON PAULO NOAL • FARMÁCIA DISTRITAL OESTE - POLICLÍNICA RUBEN NOAL • FARMÁCIA DISTRITAL SÃO FRANCISCO • FARMÁCIA MUNICIPAL CENTRAL;Disponível
nitrofurantoína;100 mg;Cápsula;Básico;• FARMÁCIA DISTRITAL ESTAÇÃO DOS VENTOS • FARMÁCIA DISTRITAL FLORIANO ROCHA • FARMÁCIA DISTRITAL KENNEDY • FARMÁCIA DISTRITAL LESTE - UNIDADE DE SAÚDE WILSON PAULO NOAL • FARMÁCIA DISTRITAL OESTE - POLICLÍNICA RUBEN NOAL • FARMÁCIA DISTRITAL SÃO FRANCISCO • FARMÁCIA MUNICIPAL CENTRAL;Disponível
noretisterona;0,35 mg;Comprimido;Básico;• FARMÁCIA DISTRITAL ESTAÇÃO DOS VENTOS • FARMÁCIA DISTRITAL FLORIANO ROCHA • FARMÁCIA DISTRITAL KENNEDY • FARMÁCIA DISTRITAL LESTE - UNIDADE DE SAÚDE WILSON PAULO NOAL • FARMÁCIA DISTRITAL OESTE - POLICLÍNICA RUBEN NOAL • FARMÁCIA DISTRITAL SÃO FRANCISCO • FARMÁCIA MUNICIPAL CENTRAL;Disponível
omeprazol;20 mg;Cápsula;Básico;• FARMÁCIA DISTRITAL ESTAÇÃO DOS VENTOS • FARMÁCIA DISTRITAL FLORIANO ROCHA • FARMÁCIA DISTRITAL KENNEDY • FARMÁCIA DISTRITAL LESTE - UNIDADE DE SAÚDE WILSON PAULO NOAL • FARMÁCIA DISTRITAL OESTE - POLICLÍNICA RUBEN NOAL • FARMÁCIA DISTRITAL SÃO FRANCISCO • FARMÁCIA MUNICIPAL CENTRAL;Disponível
paracetamol;200 mg/mL;Solução oral;Básico;• FARMÁCIA DISTRITAL ESTAÇÃO DOS VENTOS • FARMÁCIA DISTRITAL FLORIANO ROCHA • FARMÁCIA DISTRITAL KENNEDY • FARMÁCIA DISTRITAL LESTE - UNIDADE DE SAÚDE WILSON PAULO NOAL • FARMÁCIA DISTRITAL OESTE - POLICLÍNICA RUBEN NOAL • FARMÁCIA DISTRITAL SÃO FRANCISCO • FARMÁCIA MUNICIPAL CENTRAL;Disponível
paracetamol;750mg;Comprimido;Básico;• FARMÁCIA DISTRITAL ESTAÇÃO DOS VENTOS • FARMÁCIA DISTRITAL FLORIANO ROCHA • FARMÁCIA DISTRITAL KENNEDY • FARMÁCIA DISTRITAL LESTE - UNIDADE DE SAÚDE WILSON PAULO NOAL • FARMÁCIA DISTRITAL OESTE - POLICLÍNICA RUBEN NOAL • FARMÁCIA DISTRITAL SÃO FRANCISCO • FARMÁCIA MUNICIPAL CENTRAL;Disponível
permetrina;10 mg/g (1%);Loção;Básico;• FARMÁCIA DISTRITAL ESTAÇÃO DOS VENTOS • FARMÁCIA DISTRITAL FLORIANO ROCHA • FARMÁCIA DISTRITAL KENNEDY • FARMÁCIA DISTRITAL LESTE - UNIDADE DE SAÚDE WILSON PAULO NOAL • FARMÁCIA DISTRITAL OESTE - POLICLÍNICA RUBEN NOAL • FARMÁCIA DISTRITAL SÃO FRANCISCO • FARMÁCIA MUNICIPAL CENTRAL;Disponível
permetrina;50 mg/g (5% );Loção;Básico;• FARMÁCIA DISTRITAL ESTAÇÃO DOS VENTOS • FARMÁCIA DISTRITAL FLORIANO ROCHA • FARMÁCIA DISTRITAL KENNEDY • FARMÁCIA DISTRITAL LESTE - UNIDADE DE SAÚDE WILSON PAULO NOAL • FARMÁCIA DISTRITAL OESTE - POLICLÍNICA RUBEN NOAL • FARMÁCIA DISTRITAL SÃO FRANCISCO • FARMÁCIA MUNICIPAL CENTRAL;Disponível
prednisona;20 mg;Comprimido;Básico e Estratégico;• FARMÁCIA DISTRITAL ESTAÇÃO DOS VENTOS • FARMÁCIA DISTRITAL FLORIANO ROCHA • FARMÁCIA DISTRITAL KENNEDY • FARMÁCIA DISTRITAL LESTE - UNIDADE DE SAÚDE WILSON PAULO NOAL • FARMÁCIA DISTRITAL OESTE - POLICLÍNICA RUBEN NOAL • FARMÁCIA DISTRITAL SÃO FRANCISCO • FARMÁCIA MUNICIPAL CENTRAL;Disponível
prednisona;5 mg;Comprimido;Básico e Estratégico;• FARMÁCIA DISTRITAL ESTAÇÃO DOS VENTOS • FARMÁCIA DISTRITAL FLORIANO ROCHA • FARMÁCIA DISTRITAL KENNEDY • FARMÁCIA DISTRITAL LESTE - UNIDADE DE SAÚDE WILSON PAULO NOAL • FARMÁCIA DISTRITAL OESTE - POLICLÍNICA RUBEN NOAL • FARMÁCIA DISTRITAL SÃO FRANCISCO • FARMÁCIA MUNICIPAL CENTRAL;Disponível
risperidona;1 mg;Comprimido;Especializado;• FARMÁCIA DISTRITAL ESTAÇÃO DOS VENTOS • FARMÁCIA DISTRITAL FLORIANO ROCHA • FARMÁCIA DISTRITAL KENNEDY • FARMÁCIA DISTRITAL LESTE - UNIDADE DE SAÚDE WILSON PAULO NOAL • FARMÁCIA DISTRITAL OESTE - POLICLÍNICA RUBEN NOAL • FARMÁCIA DISTRITAL SÃO FRANCISCO • FARMÁCIA MUNICIPAL CENTRAL;Disponível
sais para reidratação oral;cloreto de sódio, glicose anidra, cloreto de potássio, citrato de sódio diidratado;Pó para solução oral;Básico;• FARMÁCIA DISTRITAL ESTAÇÃO DOS VENTOS • FARMÁCIA DISTRITAL FLORIANO ROCHA • FARMÁCIA DISTRITAL KENNEDY • FARMÁCIA DISTRITAL LESTE - UNIDADE DE SAÚDE WILSON PAULO NOAL • FARMÁCIA DISTRITAL OESTE - POLICLÍNICA RUBEN NOAL • FARMÁCIA DISTRITAL SÃO FRANCISCO • FARMÁCIA MUNICIPAL CENTRAL;Disponível
succinato de metoprolol;100 mg;Comprimido de liberação prolongada;Básico;• FARMÁCIA DISTRITAL ESTAÇÃO DOS VENTOS • FARMÁCIA DISTRITAL FLORIANO ROCHA • FARMÁCIA DISTRITAL KENNEDY • FARMÁCIA DISTRITAL LESTE - UNIDADE DE SAÚDE WILSON PAULO NOAL • FARMÁCIA DISTRITAL OESTE - POLICLÍNICA RUBEN NOAL • FARMÁCIA DISTRITAL SÃO FRANCISCO • FARMÁCIA MUNICIPAL CENTRAL;Disponível
sulfametoxazol + trimetoprima;40 mg/mL + 8 mg/mL;Suspensão oral;Básico;• FARMÁCIA DISTRITAL ESTAÇÃO DOS VENTOS • FARMÁCIA DISTRITAL FLORIANO ROCHA • FARMÁCIA DISTRITAL KENNEDY • FARMÁCIA DISTRITAL LESTE - UNIDADE DE SAÚDE WILSON PAULO NOAL • FARMÁCIA DISTRITAL OESTE - POLICLÍNICA RUBEN NOAL • FARMÁCIA DISTRITAL SÃO FRANCISCO • FARMÁCIA MUNICIPAL CENTRAL;Disponível
sulfametoxazol + trimetoprima;400 mg + 80 mg;Comprimido;Básico;• FARMÁCIA DISTRITAL ESTAÇÃO DOS VENTOS • FARMÁCIA DISTRITAL FLORIANO ROCHA • FARMÁCIA DISTRITAL KENNEDY • FARMÁCIA DISTRITAL LESTE - UNIDADE DE SAÚDE WILSON PAULO NOAL • FARMÁCIA DISTRITAL OESTE - POLICLÍNICA RUBEN NOAL • FARMÁCIA DISTRITAL SÃO FRANCISCO • FARMÁCIA MUNICIPAL CENTRAL;Disponível
sulfato ferroso;25 mg/mL (Ferro elementar);Solução oral;Básico;• FARMÁCIA DISTRITAL ESTAÇÃO DOS VENTOS • FARMÁCIA DISTRITAL FLORIANO ROCHA • FARMÁCIA DISTRITAL KENNEDY • FARMÁCIA DISTRITAL LESTE - UNIDADE DE SAÚDE WILSON PAULO NOAL • FARMÁCIA DISTRITAL OESTE - POLICLÍNICA RUBEN NOAL • FARMÁCIA DISTRITAL SÃO FRANCISCO • FARMÁCIA MUNICIPAL CENTRAL;Disponível
sulfato ferroso;40 mg (Ferro elementar);Comprimido;Básico;• FARMÁCIA DISTRITAL ESTAÇÃO DOS VENTOS • FARMÁCIA DISTRITAL FLORIANO ROCHA • FARMÁCIA DISTRITAL KENNEDY • FARMÁCIA DISTRITAL LESTE - UNIDADE DE SAÚDE WILSON PAULO NOAL • FARMÁCIA DISTRITAL OESTE - POLICLÍNICA RUBEN NOAL • FARMÁCIA DISTRITAL SÃO FRANCISCO • FARMÁCIA MUNICIPAL CENTRAL;Disponível
valproato de sódio;50 mg/mL;Xarope;Básico;• FARMÁCIA DISTRITAL ESTAÇÃO DOS VENTOS • FARMÁCIA DISTRITAL FLORIANO ROCHA • FARMÁCIA DISTRITAL KENNEDY • FARMÁCIA DISTRITAL LESTE - UNIDADE DE SAÚDE WILSON PAULO NOAL • FARMÁCIA DISTRITAL OESTE - POLICLÍNICA RUBEN NOAL • FARMÁCIA DISTRITAL SÃO FRANCISCO • FARMÁCIA MUNICIPAL CENTRAL;Disponível
varfarina sódica;5 mg;Comprimido;Básico;• FARMÁCIA DISTRITAL ESTAÇÃO DOS VENTOS • FARMÁCIA DISTRITAL FLORIANO ROCHA • FARMÁCIA DISTRITAL KENNEDY • FARMÁCIA DISTRITAL LESTE - UNIDADE DE SAÚDE WILSON PAULO NOAL • FARMÁCIA DISTRITAL OESTE - POLICLÍNICA RUBEN NOAL • FARMÁCIA DISTRITAL SÃO FRANCISCO • FARMÁCIA MUNICIPAL CENTRAL;Disponível
ácido acetilsalicílico;100 mg;Comprimido;Básico;• FARMÁCIA DISTRITAL ESTAÇÃO DOS VENTOS • FARMÁCIA DISTRITAL FLORIANO ROCHA • FARMÁCIA DISTRITAL KENNEDY • FARMÁCIA DISTRITAL LESTE - UNIDADE DE SAÚDE WILSON PAULO NOAL • FARMÁCIA DISTRITAL OESTE - POLICLÍNICA RUBEN NOAL • FARMÁCIA DISTRITAL SÃO FRANCISCO • FARMÁCIA MUNICIPAL CENTRAL;Disponível
ácido folínico;15 mg;Comprimido;Básico e Estratégico;• FARMÁCIA DISTRITAL ESTAÇÃO DOS VENTOS • FARMÁCIA DISTRITAL FLORIANO ROCHA • FARMÁCIA DISTRITAL KENNEDY • FARMÁCIA DISTRITAL LESTE - UNIDADE DE SAÚDE WILSON PAULO NOAL • FARMÁCIA DISTRITAL OESTE - POLICLÍNICA RUBEN NOAL • FARMÁCIA DISTRITAL SÃO FRANCISCO • FARMÁCIA MUNICIPAL CENTRAL;Disponível
ácido fólico;0,2 mg/mL;Solução oral;Básico;• FARMÁCIA DISTRITAL ESTAÇÃO DOS VENTOS • FARMÁCIA DISTRITAL FLORIANO ROCHA • FARMÁCIA DISTRITAL KENNEDY • FARMÁCIA DISTRITAL LESTE - UNIDADE DE SAÚDE WILSON PAULO NOAL • FARMÁCIA DISTRITAL OESTE - POLICLÍNICA RUBEN NOAL • FARMÁCIA DISTRITAL SÃO FRANCISCO • FARMÁCIA MUNICIPAL CENTRAL;Disponível
ácido fólico;5 mg;Comprimido;Básico;• FARMÁCIA DISTRITAL ESTAÇÃO DOS VENTOS • FARMÁCIA DISTRITAL FLORIANO ROCHA • FARMÁCIA DISTRITAL KENNEDY • FARMÁCIA DISTRITAL LESTE - UNIDADE DE SAÚDE WILSON PAULO NOAL • FARMÁCIA DISTRITAL OESTE - POLICLÍNICA RUBEN NOAL • FARMÁCIA DISTRITAL SÃO FRANCISCO • FARMÁCIA MUNICIPAL CENTRAL;Disponível
ácido valproico;250 mg;Cápsula;Básico;• FARMÁCIA DISTRITAL ESTAÇÃO DOS VENTOS • FARMÁCIA DISTRITAL FLORIANO ROCHA • FARMÁCIA DISTRITAL KENNEDY • FARMÁCIA DISTRITAL LESTE - UNIDADE DE SAÚDE WILSON PAULO NOAL • FARMÁCIA DISTRITAL OESTE - POLICLÍNICA RUBEN NOAL • FARMÁCIA DISTRITAL SÃO FRANCISCO • FARMÁCIA MUNICIPAL CENTRAL;Disponível
óleo mineral;400 mg;Óleo para uso oral;Básico;• FARMÁCIA DISTRITAL ESTAÇÃO DOS VENTOS • FARMÁCIA DISTRITAL FLORIANO ROCHA • FARMÁCIA DISTRITAL KENNEDY • FARMÁCIA DISTRITAL LESTE - UNIDADE DE SAÚDE WILSON PAULO NOAL • FARMÁCIA DISTRITAL OESTE - POLICLÍNICA RUBEN NOAL • FARMÁCIA DISTRITAL SÃO FRANCISCO • FARMÁCIA MUNICIPAL CENTRAL;Disponível
